Sample No.,Day,Time,Branch ID,Use No,DensClass,Height (m),BirdID,Duration,Ovisacs,CrawlerCount,Misc,Cloth
1,5/14/2015,10:14,L1,1,Low,1.63,BBWA,30,5,1,"1 beetle, 1 larva",1
2,5/14/2015,10:18,H1,1,High,2.22,BLBW,1,60,8,,1
3,5/14/2015,11:08,L2,1,Med,1.83,CAWA,5,10,3,,1
4,5/14/2015,11:44,M1,1,Med,1.87,CAWA,15,17,3,"1 ant, 1 thrip",1
5,5/14/2015,13:40,M2,1,Med,1.73,CMWA,30,12,0,,1
6,5/14/2015,13:46,H2,1,High,1.88,BBWA,30,39,5,"1 adult, 1 settled instar",1
7,5/14/2015,13:52,M3,1,High,1.64,OVEN,1,20,3,,1
8,5/14/2015,14:01,L3,1,Low,1.34,PAWA,1,5,0,,1
9,5/14/2015,15:27,H3,1,High,1.89,CAWA,15,40,0,,1
10,5/14/2015,15:32,L4,1,Low,1.89,OVEN,15,3,0,,1
11,5/14/2015,15:54,H4,1,High,1.59,BBWA,5,25,1,,1
12,5/14/2015,16:00,M4,1,Med,1.37,CMWA,5,13,0,,1
13,5/15/2015,11:20,H5,1,High,1.91,BLBW,15,38,2,,1
14,5/15/2015,11:22,L6,1,Low,1.12,CAWA,15,3,0,,1
15,5/15/2015,13:10,L7,1,Low,1.32,CMWA,5,4,0,,1
16,5/15/2015,13:32,H6,1,High,2.19,BBWA,5,23,2,,1
17,5/15/2015,13:53,L7ii,1,Low,1.81,OVEN,30,6,5,,1
18,5/15/2015,14:02,H7,1,High,1.64,BLBW,30,28,3,,1
19,5/15/2015,14:06,M5,1,Med,1.73,CMWA,1,14,1,,1
20,5/15/2015,14:19,L8,1,Low,1.81,BBWA,1,3,0,,1
21,5/15/2015,14:58,M6,1,Med,1.8,CAWA,30,18,10,,1
22,5/15/2015,15:08,H8,1,High,1.64,CMWA,1,54,2,,1
23,5/15/2015,15:48,M7,1,Med,1.84,BLBW,5,17,11,,1
24,5/15/2015,15:04,M8,1,Med,1.61,BBWA,15,18,2,,1
25,5/18/2015,10:09,H9,1,High,1.54,BBWA,30,31,6,,1
26,5/18/2015,10:16,L9,1,Low,1.85,BLBW,30,5,0,,1
27,5/18/2015,10:31,L10,1,Low,1.55,CAWA,1,2,3,,1
28,5/18/2015,10:56,M9,1,Med,1.54,CMWA,1,16,3,,1
29,5/18/2015,11:15,H10,1,High,1.59,BBWA,5,33,0,,1
30,5/18/2015,11:38,M10,1,High,1.39,CAWA,5,21,0,,1
31,5/18/2015,11:57,L11,1,Low,1.63,CMWA,15,8,2,,1
32,5/18/2015,12:04,H11,1,High,1.57,BLBW,15,26,4,1 thrip,1
33,5/18/2015,13:40,M11,1,High,1.53,CAWA,5,20,0,Orig. Med,1
34,5/18/2015,13:58,H12,1,High,2.42,CMWA,30,43,2,,1
35,5/18/2015,14:17,L12,1,Low,1.92,BBWA,15,7,2,,1
36,5/18/2015,14:41,M12,1,Med,1.82,BLBW,1,19,4,,1
37,5/20/2015,10:08,H13,1,High,2.21,BBWA,15,49,0,,1
38,5/20/2015,10:21,L13,1,Low,2.15,CAWA,15,5,0,,1
39,5/20/2015,10:51,L14,1,Low,1.84,CMWA,5,9,0,,1
40,5/20/2015,11:11,M13,1,Med,1.58,BLBW,5,14,1,1 winged hemipteran,1
41,5/20/2015,12:46,M14,1,Med,2.5,BBWA,30,19,1,,1
42,5/20/2015,12:57,L15,1,Low,1.99,CMWA,30,3,0,,1
43,5/20/2015,13:09,H14,1,High,2.51,CAWA,1,28,0,,1
44,5/20/2015,13:54,M15,1,Med,1.33,CMWA,1,12,1,"1 ovisac, egg",1
45,5/20/2015,14:28,H15,1,High,2.03,BBWA,30,35,0,1 ovisac fragment,1
46,5/20/2015,14:47,L16,1,Low,1.75,CAWA,1,3,0,,1
47,5/20/2015,15:13,M16,1,Med,1.86,BLBW,15,15,1,,1
48,5/20/2015,15:34,H16,1,High,2.44,CMWA,5,20,1,,1
49,5/21/2015,10:07,M17,1,High,1.29,CAWA,30,20,0,Orig. Med,1
50,5/21/2015,10:23,L17,1,Low,2.57,BBWA,30,3,0,,1
51,5/21/2015,11:11,H17,1,High,3.49,CMWA,1,21,0,,1
52,5/21/2015,11:27,M18,1,Med,1.78,BLBW,1,12,0,,1
53,5/21/2015,13:15,H18,1,High,1.94,CAWA,15,29,1,,1
54,5/21/2015,13:21,M19,1,Med,1.09,CMWA,15,18,0,,1
55,5/21/2015,13:45,L18,1,Low,1.19,BLBW,5,7,0,,1
56,5/21/2015,13:50,H19,1,High,1.38,CAWA,5,24,1,,1
57,5/21/2015,14:21,H20,1,High,1.48,BBWA,30,40,1,2 spider mites,1
58,5/21/2015,14:24,M20,1,Med,1.61,CMWA,5,13,0,,1
59,5/21/2015,14:44,L19,1,Low,1.89,CAWA,1,3,0,,1
60,5/21/2015,14:44,L20,1,Low,1.92,BLBW,15,7,0,,1
61,5/22/2015,10:28,L1,2,Low,1.63,BBWA,30,5,1,,1
62,5/22/2015,10:33,H21,1,High,2.94,CAWA,1,32,1,,1
63,5/22/2015,10:44,M21,1,Med,3.46,CMWA,5,19,1,,1
64,5/22/2015,11:12,M22,1,Med,1.53,BLBW,15,14,1,,1
65,5/22/2015,13:00,L22,1,Low,1.73,CAWA,15,4,1,1 spider mite,1
66,5/22/2015,13:08,H22,1,High,1.09,CMWA,15,26,1,,1
67,5/22/2015,13:39,H23,1,High,3.38,CMWA,5,20,0,"1 arthropod, unid.",1
68,5/22/2015,13:52,L2,2,Low,1.83,BBWA,5,9,0,,1
69,5/22/2015,14:11,H2,2,High,1.88,BBWA,30,36,1,,1
70,5/22/2015,14:26,M23,1,Med,1.6,BLBW,30,13,0,1 ant,1
71,5/22/2015,14:35,M3,2,Med,1.64,CAWA,1,15,1,,1
72,5/22/2015,14:56,L24,1,Low,1.96,CMWA,1,5,0,,1
73,5/26/2015,10:08,L25,1,Low,1.96,BBWA,30,2,0,,1
74,5/26/2015,10:16,H25,1,High,1.89,BLBW,30,22,0,1 ovisac,1
75,5/26/2015,10:28,L26,1,Low,1.88,CMWA,1,4,0,,1
76,5/26/2015,11:05,H1,2,High,2.22,BLBW,1,58,1,1 settled instar,1
77,5/26/2015,12:50,M1,2,Med,1.87,CAWA,15,14,0,1 adult,1
78,5/26/2015,13:16,H3,2,High,1.89,CAWA,15,42,0,,1
79,5/26/2015,13:17,H4,2,High,1.59,BBWA,5,26,0,"1 adult, exuvia",1
80,5/26/2015,13:40,M4,2,Med,1.37,CMWA,5,13,1,1 exuvia,1
81,5/26/2015,14:11,M27,1,Med,1.22,BLBW,30,14,0,1 settled instar,1
82,5/26/2015,14:16,L27,1,Low,1.58,CMWA,5,4,1,,1
83,5/26/2015,15:02,L4,2,Low,1.89,BBWA,15,3,1,,1
84,5/26/2015,15:07,M5,2,Med,1.73,CMWA,1,12,0,,1
85,5/27/2015,10:02,L29,1,Low,1.19,BBWA,15,5,0,,1
86,5/27/2015,10:18,H5,2,High,1.91,BLBW,15,29,0,,1
87,5/27/2015,10:41,H6,2,High,2.19,BBWA,5,24,0,,1
88,5/27/2015,10:54,M29,1,Med,2.09,CMWA,5,15,0,"1  exuvia, 1 other insect",1
89,5/27/2015,11:32,L7ii,2,Low,1.81,CAWA,30,8,0,"1 settled instar, partial ovisac",1
90,5/27/2015,11:25,M11,2,Med,1.53,BLBW,30,16,0,,1
91,5/27/2015,11:54,L8,2,Low,1.81,BBWA,1,3,0,1 winged hemipteran,1
92,5/27/2015,12:10,L3,2,Low,1.34,CAWA,1,5,0,,1
93,5/27/2015,13:32,H31,1,High,1,BLBW,30,60,0,1 exuvia,1
94,5/27/2015,13:39,L32,1,Low,1.63,CAWA,5,7,0,,1
95,5/27/2015,14:02,M8,2,Med,1.62,BBWA,15,19,0,spiky fragments,1
96,5/27/2015,14:32,M9,2,Med,1.54,CMWA,1,13,0,,1
97,5/27/2015,14:43,H12,2,High,2.42,CMWA,1,46,0,,1
98,6/3/2015,10:24,M33,1,Med,1.86,YEWA,30,13,0,1 fly,1
99,6/3/2015,10:33,L33,1,Low,1.29,MYWA,30,9,0,,1
100,6/3/2015,10:50,M15,2,Med,1.33,COYE,1,10,0,,1
101,6/3/2015,11:18,L10,2,Low,1.55,NAWA,1,1,0,,1
102,6/3/2015,11:35,M34,1,Med,2.14,YEWA,15,11,0,,0
103,6/3/2015,11:50,H11,1,High,1.57,COYE,15,21,0,,0
104,6/3/2015,13:05,H34,1,High,3.28,MYWA,5,40,1,,0
105,6/3/2015,13:17,L35,1,Low,1.76,NAWA,5,4,0,,0
106,6/3/2015,13:47,H35,1,High,2.75,COYE,30,26,0,,0
107,6/3/2015,13:54,M35,1,Med,2.14,YEWA,5,14,0,,0
108,6/3/2015,14:10,L6,2,Low,1.12,NAWA,15,1,0,,0
109,6/3/2015,14:39,H20,2,High,2.94,MYWA,1,20,0,,0
110,6/3/2015,14:39,Z1,1,Zero,1.16,COYE,30,0,0,,0
111,6/4/2015,9:46,L37,1,Low,1.43,YEWA,15,4,0,,0
112,6/4/2015,10:01,M12,2,Med,1.82,MYWA,15,12,0,,0
113,6/4/2015,10:25,L7,2,Low,1.32,COYE,5,4,0,,0
114,6/4/2015,10:38,M38,1,Med,1.75,NAWA,5,12,0,,0
115,6/4/2015,11:07,M39,1,Med,1.92,MYWA,30,18,0,,0
116,6/4/2015,11:15,L9,2,Low,1.85,YEWA,30,3,0,,0
117,6/4/2015,11:24,L40,1,Low,2,NAWA,1,4,0,,0
118,6/4/2015,11:34,M40,1,Med,1.54,COYE,1,14,0,,0
119,6/4/2015,11:47,Z2,1,Zero,1.37,COYE,5,0,0,,0
120,6/4/2015,12:52,H9,2,High,1.54,MYWA,30,21,1,,0
121,6/4/2015,12:57,H38,1,High,2.94,NAWA,5,28,0,,0
122,6/4/2015,13:38,H13,2,High,2.24,MYWA,15,56,0,,0
123,6/4/2015,13:48,H40,1,High,2.24,YEWA,1,40,0,,0
124,6/4/2015,14:01,Z3,1,Zero,1.27,MYWA,15,0,0,,0
125,6/5/2015,9:47,L15,2,Low,1.99,MYWA,30,2,0,,0
126,6/5/2015,9:54,M41,1,Med,1.77,NAWA,30,13,0,,0
127,6/5/2015,10:45,L16,2,Low,1.75,YEWA,1,2,0,,0
128,6/5/2015,10:55,M42,1,Med,1.88,YEWA,1,14,0,,0
129,6/5/2015,11:06,M43,1,Med,2.1,COYE,15,13,0,1 mite,0
130,6/5/2015,11:09,L43,1,Low,1.85,MYWA,15,3,1,,0
131,6/5/2015,11:34,M44,1,Med,2,NAWA,5,16,0,,0
132,6/5/2015,11:40,L44,1,Low,1.86,COYE,5,3,0,,0
133,6/5/2015,13:05,H41,1,High,2.77,NAWA,30,28,0,,0
134,6/5/2015,13:32,H22,2,High,3.38,YEWA,5,31,0,1 exuvia,0
135,6/5/2015,13:48,H21,2,High,1.09,MYWA,15,28,0,,0
136,6/5/2015,13:53,H44,1,High,1.23,COYE,1,23,0,"1 adult, 1 exuvia",0
137,6/5/2015,13:58,Z4,1,Zero,1.07,NAWA,1,0,0,,0
138,6/8/2015,10:47,L13,2,Low,2.15,NAWA,15,2,0,,0
139,6/8/2015,11:17,M45,1,Med,3.39,YEWA,15,12,1,"2 exuviae, 2 dead crawlers",0
140,6/8/2015,11:44,H10,2,High,1.59,MYWA,5,21,0,,0
141,6/8/2015,12:08,L46,1,Low,1.4,COYE,5,6,0,,0
142,6/8/2015,13:48,H46,1,High,3.2,NAWA,30,21,0,,0
143,6/8/2015,13:51,L47,1,Low,1.64,YEWA,30,1,0,1 exuvia,0
144,6/8/2015,14:02,L26,2,Low,1.88,MYWA,1,6,0,,0
145,6/8/2015,14:15,M46,1,Med,2.43,COYE,1,18,0,1 exuvia,0
146,6/8/2015,14:52,M23,2,Med,1.6,NAWA,30,15,0,"2 midges, 1 settled instar",0
147,6/8/2015,15:12,M10,2,Med,1.39,COYE,5,13,0,,0
148,6/8/2015,15:29,H47,1,High,2.6,YEWA,15,27,0,1 settled instar,0
149,6/8/2015,15:52,H48,1,High,3.4,NAWA,1,37,0,,0
150,6/8/2015,15:59,Z5,1,Zero,1.91,MYWA,15,0,0,,0
151,6/8/2015,16:00,Z6,1,Zero,1.79,NAWA,1,0,0,,0
152,6/10/2015,10:00,L49,1,Low,1.68,NAWA,30,3,0,,0
153,6/10/2015,10:21,H31,2,High,1,MYWA,30,50,0,"2 exuviae, 1 midge",0
154,6/10/2015,10:40,H40,2,High,2.24,YEWA,1,31,0,,0
155,6/10/2015,10:48,M49,1,Med,2.3,COYE,1,16,0,1 exuvia,0
156,6/10/2015,11:07,M50,1,Med,2.4,NAWA,15,13,0,,0
157,6/10/2015,11:34,L50,1,Low,2.06,MYWA,15,1,0,,0
158,6/10/2015,11:41,H16,2,High,2.44,YEWA,5,22,0,,0
159,6/10/2015,12:03,H20,2,Med,2.94,COYE,5,14,0,1 dislodged instar,0
160,6/10/2015,13:16,M51,1,Med,2.83,NAWA,30,11,0,,0
161,6/10/2015,13:26,L14,2,Low,1.84,YEWA,5,9,0,1 exuvia,0
162,6/10/2015,13:46,H47,2,High,2.6,YEWA,15,27,0,,0
163,6/10/2015,13:56,L40,2,Low,2,NAWA,1,1,0,,0
164,6/10/2015,14:09,Z7,1,Zero,1.63,MYWA,30,0,0,,0
165,6/10/2015,14:11,Z8,1,Zero,1,COYE,5,0,0,,0
166,6/17/2015,14:46,L53,1,Low,2.48,NAWA,15,1,0,1 thrip-like insect,0
167,6/17/2015,14:48,M53,1,Med,1.09,YEWA,15,11,6,1 exuvia,0
168,6/17/2015,14:58,H53,1,High,3.26,MYWA,5,20,0,,0
169,6/17/2015,15:21,L27,2,Low,1.58,COYE,5,2,0,,0
170,6/17/2015,15:37,H35,2,High,2.75,NAWA,30,20,1,,0
171,6/17/2015,15:42,M54,1,Med,1.36,MYWA,30,14,1,,0
172,6/17/2015,15:54,H44,2,High,1.23,YEWA,1,27,0,,0
173,6/17/2015,16:03,L55,1,Low,1.48,COYE,1,2,0,,0
174,6/17/2015,16:31,M33,2,Med,1.86,NAWA,30,19,0,2 mites,0
175,6/17/2015,16:40,M29,2,Med,2.09,YEWA,5,15,1,1 exuvia,0
176,6/17/2015,16:55,H56,1,High,1.67,MYWA,15,20,0,,0
177,6/17/2015,17:09,L56,1,Low,2.66,COYE,1,2,0,,0
178,6/18/2015,9:16,L57,1,Low,1.93,NAWA,30,5,1,,0
179,6/18/2015,9:25,M41,2,Med,1.77,MYWA,30,13,4,1 partial ovisac,0
180,6/18/2015,9:54,L58,1,Low,1.9,YEWA,1,9,1,,0
181,6/18/2015,10:13,M40,2,Med,1.54,COYE,1,11,0,,0
182,6/18/2015,10:21,L59,1,Low,1.92,NAWA,15,7,1,,0
183,6/18/2015,10:49,M59,1,Med,1.57,MYWA,15,16,2,,0
184,6/18/2015,11:00,H34,2,High,3.28,COYE,5,21,1,,0
185,6/18/2015,11:18,M60,1,Med,2.09,YEWA,5,15,0,1 partial ovisac,0
186,6/18/2015,11:38,H58,1,High,1.25,NAWA,30,21,0,"1 exuvia, 1 thrip",0
187,6/18/2015,11:42,L60,1,Low,1.5,YEWA,5,2,1,,0
188,6/18/2015,11:57,H59,1,High,3.1,MYWA,15,23,2,,0
189,6/18/2015,12:02,H60,1,High,2.9,COYE,1,21,0,1 exuvia,0
190,6/19/2015,10:09,L61,1,Low,1.23,NAWA,15,5,1,1 adult,0
191,6/19/2015,10:21,M61,1,Med,1.67,MYWA,15,13,1,,0
192,6/19/2015,11:02,M62,1,Med,3.01,YEWA,5,12,1,,0
193,6/19/2015,11:22,H61,1,High,3.07,COYE,5,22,0,,0
194,6/19/2015,11:41,M63,1,Med,1.84,NAWA,30,12,1,"1 settled, 1  adult",0
195,6/19/2015,11:51,L62,1,Low,1.73,MYWA,30,3,0,2 settled,0
196,6/19/2015,12:15,H62,1,High,3.57,YEWA,1,40,0,"1 spider mite, 1 insect",0
197,6/19/2015,12:30,L63,1,Low,1.44,COYE,1,7,0,,0
198,6/19/2015,13:27,H63,1,High,2.98,NAWA,30,25,0,,0
199,6/19/2015,13:42,L32,2,Low,1.63,YEWA,5,1,0,,0
200,6/19/2015,14:24,H64,1,High,2.3,MYWA,15,25,0,,0
201,6/19/2015,14:58,M64,1,Med,2.82,COYE,1,12,0,,0
202,6/19/2015,17:12,Z9,1,Zero,1.24,NAWA,30,0,0,,0
203,6/19/2015,17:21,Z10,1,Zero,1.24,MYWA,5,0,0,,0
204,6/19/2015,17:22,Z11,1,Zero,1.8,COYE,1,0,0,,0
205,6/23/2015,12:29,M65,1,Med,1.66,NAWA,30,11,1,"2 settled, 1 partial ovisac",0
206,6/23/2015,12:29,L65,1,Low,1.93,MYWA,30,7,1,2 eggs,0
207,6/23/2015,12:47,H65,1,High,1.66,COYE,1,26,2,,0
208,6/23/2015,12:54,L66,1,Low,1.65,YEWA,1,8,1,1 settled,0
209,6/23/2015,13:12,H66,1,High,1.93,NAWA,15,28,2,,0
210,6/23/2015,13:14,L67,1,Low,1.67,MYWA,15,3,2,,0
211,6/23/2015,14:12,M66,1,Med,1.67,YEWA,5,12,2,1 settled,0
212,6/23/2015,14:14,L68,1,Low,1.08,COYE,5,8,2,,0
213,6/23/2015,14:34,H67,1,High,1.81,NAWA,30,26,5,,0
214,6/23/2015,14:46,H68,1,High,1.8,YEWA,5,23,2,,0
215,6/23/2015,15:01,M67,1,Med,1.92,MYWA,15,14,3,1 exuvia,0
216,6/23/2015,15:14,M68,1,Med,1.66,COYE,1,17,2,2 eggs,0
217,6/25/2015,14:26,L69,1,Low,1.5,NAWA,15,9,0,,0
218,6/25/2015,14:28,M69,1,Med,1.92,MYWA,15,15,1,,0
219,6/25/2015,14:58,M70,1,Med,1.89,YEWA,5,13,0,,0
220,6/25/2015,14:58,L70,1,Low,1.99,COYE,5,4,0,,0
221,6/25/2015,15:12,M71,1,Med,1.98,YEWA,1,11,1,,0
222,6/25/2015,15:14,H69,1,High,1.98,COYE,1,34,0,,0
223,6/26/2015,10:50,H71,1,High,2.1,MYWA,5,24,0,1 exuvia,0
224,6/26/2015,11:03,L72,1,Low,,COYE,1,1,0,,0
225,6/26/2015,11:18,M73,1,Med,1.93,MYWA,30,14,1,,0
226,6/26/2015,11:19,L73,1,Low,1.31,YEWA,30,3,0,1 adult,0
227,6/26/2015,12:09,L74,1,Low,1.08,COYE,1,1,2,"1 dead, remnants of hymenipteran",0
228,6/26/2015,12:10,M74,1,Med,1.89,NAWA,1,11,1,,0
229,6/26/2015,13:51,H73,1,High,1.9,MYWA,15,22,2,,0
230,6/26/2015,13:53,M75,1,Med,1.78,YEWA,15,12,0,,0
231,6/26/2015,14:02,M76,1,Med,1.52,COYE,5,12,0,,0
232,6/26/2015,14:19,H74,1,High,1.88,NAWA,5,34,1,,0
233,6/26/2015,14:31,H75,1,High,1.96,MYWA,30,48,1,1 exuvia,0
234,6/26/2015,14:35,L75,1,Low,1.66,COYE,5,4,0,,0
235,6/26/2015,14:40,L76,1,Low,1.27,YEWA,15,1,0,,0
236,6/26/2015,14:40,H76,1,High,1.94,COYE,1,22,0,,0
237,6/29/2015,10:32,H77,1,High,2.03,YEWA,15,70,1,,0
238,6/29/2015,10:33,L77,1,Low,1.82,MYWA,15,2,0,1 exuvia,0
239,6/29/2015,10:40,H78,1,High,1.86,COYE,5,64,0,,0
240,6/29/2015,11:00,L78,1,Low,1.69,NAWA,5,4,1,,0
241,6/29/2015,11:04,H79,1,High,1.79,YEWA,30,33,1,partial ovisac,0
242,6/29/2015,11:13,L79,1,Low,1.66,MYWA,30,4,0,,0
243,6/29/2015,11:24,H80,1,High,1.8,COYE,1,43,5,1 settled instar,0
244,6/29/2015,11:31,M77,1,Med,1.99,NAWA,1,13,2,,0
245,6/29/2015,13:14,M78,1,Med,1.83,YEWA,30,17,2,,0
246,6/29/2015,13:14,M79,1,Med,1.63,MYWA,5,19,1,,0
247,6/29/2015,13:32,M80,1,Med,1.72,COYE,15,11,2,,0
248,6/29/2015,13:34,L80,1,Low,1.49,NAWA,1,4,0,"1 partial ovisac, 1 long dead crawler",0
249,6/30/2015,14:01,H81,1,High,1.88,MYWA,30,28,0,2 exuviae,0
250,6/30/2015,14:02,L81,1,Low,1.75,YEWA,30,7,1,1 adult,0
251,6/30/2015,14:11,H82,1,High,1.78,COYE,1,21,0,,0
252,6/30/2015,14:20,M81,1,Med,2.17,COYE,1,17,1,,0
253,6/30/2015,14:21,M82,1,Med,1.89,NAWA,15,13,1,,0
254,6/30/2015,14:43,M83,1,Med,1.7,MYWA,15,11,1,,0
255,6/30/2015,14:48,H83,1,High,1.83,YEWA,5,23,1,1 egg,0
256,6/30/2015,14:52,L82,1,Low,1.57,COYE,5,5,0,,0
257,6/30/2015,15:20,M84,1,Med,1.68,YEWA,30,16,0,,0
258,6/30/2015,15:20,L83,1,Low,1.4,MYWA,15,1,3,,0
259,6/30/2015,15:43,M85,1,Med,1.64,COYE,5,11,0,,0
260,6/30/2015,15:46,H84,1,High,1.21,NAWA,15,54,1,,0
261,6/30/2015,15:55,L84,1,Low,1.38,YEWA,1,1,2,,0
262,7/1/2015,13:21,L85,1,Low,1.34,NAWA,15,8,1,1 instar,0
263,7/1/2015,13:21,H85,1,High,1.17,YEWA,15,21,0,2 instar,0
264,7/1/2015,13:26,L86,1,Low,1.8,YEWA,5,1,0,,0
265,7/1/2015,13:29,M86,1,Med,1.99,COYE,5,19,0,,0
266,7/1/2015,13:45,M87,1,Med,1.82,YEWA,30,14,1,,0
267,7/1/2015,13:47,H86,1,High,1.44,NAWA,30,35,0,,0
268,7/1/2015,13:54,L87,1,Low,1.74,COYE,1,2,2,"1 instar, 1 aphid",0
269,7/1/2015,14:03,H87,1,High,1.77,YEWA,1,43,1,,0
270,7/1/2015,14:26,L88,1,Low,1.82,YEWA,30,3,0,,0
271,7/1/2015,14:31,H88,1,High,1.74,YEWA,5,30,0,,0
272,7/1/2015,14:45,M88,1,Med,2.05,NAWA,15,18,0,,0
273,7/1/2015,14:53,M89,1,Med,1.52,COYE,1,17,2,"1 instar, 1 thrip",0
274,7/2/2015,15:54,Z12,1,Zero,1.02,YEWA,30,0,0,,0
275,7/2/2015,15:54,Z13,1,Zero,1.01,YEWA,15,0,0,,0
276,7/2/2015,15:54,Z14,1,Zero,1.47,NAWA,5,0,0,,0
277,7/2/2015,16:32,Z15,1,Zero,1.6,COYE,1,0,0,,0
278,7/8/2015,9:18,H89,1,High,1.85,YEWA,15,28,0,,0
279,7/8/2015,9:18,L89,1,Low,1.58,NAWA,15,5,0,,0
280,7/8/2015,9:22,L90,1,Low,1.58,NAWA,5,1,0,,0
281,7/8/2015,9:24,H90,1,High,1.64,COYE,5,38,0,,0
282,7/8/2015,9:40,L91,1,Low,1.69,NAWA,30,6,1,"1 mite, 1 settled instar",0
283,7/8/2015,9:41,M90,1,Med,1.99,YEWA,30,12,0,,0
284,7/8/2015,9:51,M91,1,Med,2.06,COYE,1,14,0,,0
285,7/8/2015,9:57,L92,1,Low,2.15,MYWA,1,9,0,,0
286,7/8/2015,10:31,H91,1,High,1.94,YEWA,30,24,0,,0
287,7/8/2015,10:34,M92,1,Med,1.86,NAWA,5,11,0,,0
288,7/8/2015,10:38,M93,1,Med,1.35,COYE,15,12,0,,0
289,7/8/2015,10:46,H92,1,High,1.89,NAWA,1,32,0,"2 spiders, 1 partial ovisac",0
290,7/8/2015,11:09,Z16,1,Zero,1.52,YEWA,30,0,0,,0
291,7/8/2015,11:09,L93,1,Low,1.08,NAWA,15,2,3,,0
292,7/8/2015,11:30,Z17,1,Zero,1.74,NAWA,15,0,0,,0
293,7/8/2015,11:30,Z18,1,Zero,1.75,COYE,5,0,0,,0
294,7/8/2015,11:31,Z19,1,Zero,1.33,MYWA,1,0,0,,0
295,7/9/2015,14:12,H93,1,High,1.4,YEWA,30,21,0,,0
296,7/9/2015,14:14,L94,1,Low,1.41,NAWA,30,9,0,,0
297,7/9/2015,14:20,M94,1,Med,1.74,COYE,1,11,2,,0
298,7/9/2015,14:29,L95,1,Low,1.81,COYE,1,6,2,,0
299,7/9/2015,14:51,H94,1,High,1.9,NAWA,15,52,0,,0
300,7/9/2015,14:52,L96,1,Low,1.6,YEWA,15,7,0,,0
301,7/9/2015,15:01,M95,1,Med,1.81,COYE,5,11,0,1 chigger (?),0
302,7/9/2015,15:19,L97,1,Low,1.59,COYE,5,4,3,,0
303,7/9/2015,15:20,M96,1,Med,1.54,YEWA,30,13,3,1 egg,0
304,7/9/2015,15:32,H90,2,High,1.79,COYE,5,47,0,1 adult + partial ovisac,0
305,7/9/2015,15:35,M97,1,Med,1.77,NAWA,15,15,0,"1 adult, 6 eggs",0
306,7/9/2015,15:41,H96,1,High,1.77,COYE,1,24,0,1 exuvia,0
307,7/13/2015,15:20,H97,1,High,2.13,NAWA,15,27,0,1 fly,0
308,7/13/2015,15:21,M98,1,Med,1.45,YEWA,15,11,4,1 fly,0
309,7/13/2015,15:47,L98,1,Low,3.27,COYE,5,2,0,,0
310,7/13/2015,15:47,M99,1,Med,3.51,YEWA,5,18,2,,0
311,7/13/2015,16:02,M100,1,Med,3.67,NAWA,30,12,1,1 dead,0
312,7/13/2015,16:03,H98,1,High,3.71,YEWA,30,48,2,,0
313,7/13/2015,16:09,L99,1,Low,3.39,COYE,1,8,1,,0
314,7/13/2015,16:16,H99,1,High,1.84,COYE,1,46,1,1 settled,0
315,7/13/2015,16:26,L100,1,Low,1.94,COYE,30,1,0,,0
316,7/13/2015,17:02,L101,1,Low,1.45,NAWA,15,4,0,,0
317,7/13/2015,17:17,H100,1,High,2.94,YEWA,5,35,0,,0
318,7/13/2015,17:31,M101,1,Med,1.66,YEWA,1,11,0,2 dead,0
319,7/14/2015,15:07,H101,1,High,1.86,YEWA,30,24,0,,0
320,7/14/2015,15:08,L102,1,Low,1.75,NAWA,30,3,0,,0
321,7/14/2015,15:13,L103,1,Low,1.65,COYE,1,5,1,1 dead,0
322,7/14/2015,15:18,M102,1,Med,1.78,COYE,1,16,0,,0
323,7/14/2015,15:21,M103,1,Med,1.7,COYE,15,12,0,,0
324,7/14/2015,15:24,L104,1,Low,1.7,MYWA,15,4,0,,0
325,7/14/2015,15:52,L105,1,Low,1.91,COYE,5,7,1,,0
326,7/14/2015,15:55,M104,1,Med,1.22,MYWA,5,17,0,,0
327,7/14/2015,16:06,M105,1,Med,1.55,YEWA,30,12,0,1 dead,0
328,7/14/2015,16:08,H102,1,High,1.81,NAWA,5,24,0,1 dead,0
329,7/14/2015,16:12,H103,1,High,1.77,COYE,15,23,0,,0
330,7/14/2015,16:18,H109,1,High,1.61,NAWA,1,22,0,,0
331,7/14/2015,16:22,Z20,1,Zero,1.68,NAWA,15,0,0,,0
332,7/14/2015,16:24,Z21,1,Zero,1.73,COYE,1,0,0,,0
333,7/14/2015,16:26,Z22,1,Zero,1.74,COYE,5,0,0,,0
334,7/20/2015,14:21,L106,1,Low,1.51,NAWA,15,3,0,1 dead,0
335,7/20/2015,14:23,H105,1,High,1.2,YEWA,15,22,0,,0
336,7/20/2015,14:34,H106,1,High,4.04,COYE,5,30,0,,0
337,7/20/2015,14:51,L107,1,Low,1.72,COYE,5,7,0,1 dead,0
338,7/20/2015,14:55,L108,1,Low,3.65,NAWA,30,8,0,,0
339,7/20/2015,15:04,M106,1,Med,3.74,YEWA,30,19,0,"1 dead, 1 exuvia",0
340,7/20/2015,15:08,M107,1,Med,1.13,COYE,1,15,0,,0
341,7/20/2015,15:15,L109,1,Low,1.08,COYE,1,1,0,1 dead,0
342,7/20/2015,15:24,H107,1,High,3.79,COYE,30,29,0,,0
343,7/20/2015,15:32,M108,1,Med,1.72,NAWA,15,16,0,1 dead,0
344,7/20/2015,15:43,M109,1,Med,1.83,YEWA,5,13,0,,0
345,7/20/2015,15:53,H108,1,High,1.53,NAWA,1,30,0,1 adult + 1 ovisac hatched out,0
